City_ID,City,Lat,Lng,Max Temp,Humidity,Cloudiness,Wind Speed,Country,Date,Description
0,East London,-33.02,27.91,69.8,88,75,14.99,ZA,2020-11-28 17:23:20,broken clouds
1,Roald,62.58,6.13,44.6,65,20,10.29,NO,2020-11-28 17:23:20,few clouds
2,Clyde River,70.47,-68.59,-4.0,83,75,16.11,CA,2020-11-28 17:23:20,light snow
3,San Juan,-31.54,-68.54,89.69,30,1,15.08,AR,2020-11-28 17:23:20,clear sky
4,Quatre Cocos,-20.21,57.76,77.0,78,75,11.41,MU,2020-11-28 17:23:20,broken clouds
5,Jamestown,42.1,-79.24,39.0,69,75,13.87,US,2020-11-28 17:23:20,broken clouds
6,Copiapo,-27.37,-70.33,69.8,52,0,8.05,CL,2020-11-28 17:23:14,clear sky
7,Porto Novo,6.5,2.6,84.2,79,40,12.75,BJ,2020-11-28 17:23:21,scattered clouds
8,Izhma,65.01,53.91,15.01,94,94,4.97,RU,2020-11-28 17:23:21,overcast clouds
9,Ribeira Grande,38.52,-28.7,57.2,67,40,6.93,PT,2020-11-28 17:23:21,scattered clouds
10,Yenagoa,4.92,6.26,79.56,86,62,4.0,NG,2020-11-28 17:23:21,light rain
11,Vila Velha,-20.33,-40.29,82.99,69,40,13.87,BR,2020-11-28 17:23:21,scattered clouds
12,Saint-Philippe,-21.36,55.77,77.0,69,90,5.82,RE,2020-11-28 17:23:21,overcast clouds
13,Hithadhoo,-0.6,73.08,81.91,75,81,8.61,MV,2020-11-28 17:23:21,broken clouds
14,Yarmouth,41.71,-70.23,55.4,54,20,5.82,US,2020-11-28 17:23:21,few clouds
15,Mindelo,16.89,-24.98,78.8,54,75,18.34,CV,2020-11-28 17:23:21,broken clouds
16,Ushuaia,-54.8,-68.3,42.8,75,40,14.99,AR,2020-11-28 17:20:38,scattered clouds
17,Codrington,-38.27,141.97,55.0,91,100,18.21,AU,2020-11-28 17:23:22,light rain
18,Hermanus,-34.42,19.23,66.0,67,10,3.0,ZA,2020-11-28 17:23:22,clear sky
19,Vardo,70.37,31.11,33.91,89,100,26.75,NO,2020-11-28 17:23:22,overcast clouds
20,Mar Del Plata,-38.0,-57.56,84.2,54,90,12.75,AR,2020-11-28 17:19:24,light rain
21,Gonbad-E Qabus,37.25,55.17,44.6,87,75,5.41,IR,2020-11-28 17:23:23,broken clouds
22,Port Alfred,-33.59,26.89,67.77,78,73,12.17,ZA,2020-11-28 17:19:05,light rain
23,Aasiaat,68.71,-52.87,3.27,88,53,14.27,GL,2020-11-28 17:23:23,broken clouds
24,Santa Marta,11.24,-74.2,87.01,74,9,2.21,CO,2020-11-28 17:20:43,light rain
25,Leh,34.17,77.58,18.21,66,99,1.57,IN,2020-11-28 17:23:23,overcast clouds
26,Cape Town,-33.93,18.42,66.99,68,20,25.28,ZA,2020-11-28 17:22:31,few clouds
27,Waw,7.7,28.0,83.59,23,30,3.11,SS,2020-11-28 17:23:24,scattered clouds
28,Rawson,-43.3,-65.1,61.95,43,41,14.9,AR,2020-11-28 17:23:24,scattered clouds
29,Ponta Do Sol,32.67,-17.1,62.6,51,40,19.46,PT,2020-11-28 17:23:24,scattered clouds
30,Jalu,29.03,21.55,63.39,46,20,10.65,LY,2020-11-28 17:23:24,few clouds
31,Longyearbyen,78.22,15.64,24.8,73,90,29.97,SJ,2020-11-28 17:22:02,light snow
32,Touros,-5.2,-35.46,86.0,58,40,16.11,BR,2020-11-28 17:23:25,scattered clouds
33,Saint George,37.1,-113.58,33.8,40,1,1.3,US,2020-11-28 17:19:14,clear sky
34,Killybegs,54.63,-8.45,46.4,81,40,3.36,IE,2020-11-28 17:23:25,scattered clouds
35,Sinnamary,5.38,-52.95,84.52,72,11,9.44,GF,2020-11-28 17:23:25,light rain
36,Hamilton,39.18,-84.53,46.99,65,40,2.66,US,2020-11-28 17:22:21,scattered clouds
37,Vestmanna,62.16,-7.17,41.0,93,100,1.12,FO,2020-11-28 17:23:25,light rain
38,Kovdor,67.57,30.48,19.8,97,69,6.29,RU,2020-11-28 17:23:25,broken clouds
39,Bambous Virieux,-20.34,57.76,77.0,78,75,11.41,MU,2020-11-28 17:23:25,broken clouds
40,Vila Franca Do Campo,37.72,-25.43,57.2,54,40,17.22,PT,2020-11-28 17:23:25,scattered clouds
41,Itaituba,-4.28,-55.98,93.2,56,40,10.29,BR,2020-11-28 17:21:08,scattered clouds
42,Foumban,5.73,10.9,73.27,41,0,0.92,CM,2020-11-28 17:23:26,clear sky
43,Upernavik,72.79,-56.15,-0.58,72,77,6.78,GL,2020-11-28 17:23:26,broken clouds
44,Niceville,30.52,-86.48,72.0,73,40,11.41,US,2020-11-28 17:23:26,scattered clouds
45,Qandala,11.47,49.87,78.8,69,13,7.09,SO,2020-11-28 17:20:26,few clouds
46,Arraial Do Cabo,-22.97,-42.03,84.2,74,0,17.22,BR,2020-11-28 17:23:26,clear sky
47,Zaraza,9.35,-65.32,85.84,71,20,4.81,VE,2020-11-28 17:23:26,light rain
48,Souillac,-20.52,57.52,77.0,78,75,11.41,MU,2020-11-28 17:23:26,broken clouds
49,Usinsk,65.99,57.53,9.99,95,94,10.96,RU,2020-11-28 17:23:26,overcast clouds
50,Punta Arenas,-53.15,-70.92,44.6,65,75,13.87,CL,2020-11-28 17:22:06,broken clouds
51,Dikson,73.51,80.55,28.56,99,100,27.72,RU,2020-11-28 17:23:26,light snow
52,Atar,20.52,-13.05,76.26,26,100,11.32,MR,2020-11-28 17:23:26,overcast clouds
53,Kruisfontein,-34.0,24.73,63.0,94,91,1.01,ZA,2020-11-28 17:23:26,light rain
54,Pisco,-13.7,-76.22,69.8,73,0,10.29,PE,2020-11-28 17:23:27,clear sky
55,Yashkul,46.17,45.34,44.38,90,71,16.04,RU,2020-11-28 17:23:27,broken clouds
56,Victoria,22.29,114.16,68.0,67,0,10.74,HK,2020-11-28 17:19:02,clear sky
57,Nanortalik,60.14,-45.24,34.54,88,100,15.68,GL,2020-11-28 17:23:27,light snow
58,Bardiyah,31.76,25.09,61.92,58,0,2.93,LY,2020-11-28 17:23:27,clear sky
59,Pudozh,61.81,36.53,17.53,97,63,6.04,RU,2020-11-28 17:23:27,broken clouds
60,Tasiilaq,65.61,-37.64,15.8,43,20,10.29,GL,2020-11-28 17:23:27,few clouds
61,Pocone,-16.26,-56.62,98.55,26,37,6.24,BR,2020-11-28 17:23:27,scattered clouds
62,Pangnirtung,66.15,-65.71,21.2,67,90,3.36,CA,2020-11-28 17:23:27,overcast clouds
63,Quelimane,-17.88,36.89,82.4,78,20,17.22,MZ,2020-11-28 17:23:27,few clouds
64,Bredasdorp,-34.53,20.04,66.2,63,43,8.05,ZA,2020-11-28 17:23:28,scattered clouds
65,Riyadh,24.69,46.72,66.2,77,75,6.93,SA,2020-11-28 17:23:28,haze
66,Plouzane,48.38,-4.62,55.4,76,0,8.05,FR,2020-11-28 17:23:28,clear sky
67,Vachi,42.07,47.22,32.9,58,22,6.35,RU,2020-11-28 17:23:28,few clouds
68,Bure,10.7,37.07,61.97,63,81,6.76,ET,2020-11-28 17:23:28,broken clouds
69,Saint-Francois,46.42,3.91,45.0,75,0,3.36,FR,2020-11-28 17:23:28,clear sky
70,Saint-Georges,12.06,-61.75,84.2,79,20,16.11,GD,2020-11-28 17:23:28,few clouds
71,Arlit,18.74,7.39,83.19,17,0,5.28,NE,2020-11-28 17:23:28,clear sky
72,Abu Kamal,34.45,40.92,61.57,52,83,7.16,SY,2020-11-28 17:21:04,broken clouds
73,Khandbari,27.37,87.2,57.96,37,0,3.56,NP,2020-11-28 17:19:39,clear sky
74,Carutapera,-1.2,-46.02,86.5,66,82,9.64,BR,2020-11-28 17:23:28,light rain
75,Havoysund,71.0,24.66,41.0,65,100,18.34,NO,2020-11-28 17:23:29,light rain
76,Moron,-34.65,-58.62,71.6,88,90,19.46,AR,2020-11-28 17:23:29,moderate rain
77,Mahebourg,-20.41,57.7,77.0,78,75,11.41,MU,2020-11-28 17:23:29,broken clouds
78,Dovolnoye,54.5,79.67,9.37,93,92,7.67,RU,2020-11-28 17:23:29,overcast clouds
79,Rabo De Peixe,37.8,-25.58,57.2,54,40,17.22,PT,2020-11-28 17:23:29,scattered clouds
80,Busselton,-33.65,115.33,48.0,92,69,7.99,AU,2020-11-28 17:23:29,broken clouds
81,Suez,29.97,32.53,64.85,52,3,4.27,EG,2020-11-28 17:23:29,clear sky
82,Adrano,37.66,14.83,60.01,98,100,1.99,IT,2020-11-28 17:23:29,light rain
83,Keene,42.93,-72.28,48.99,66,75,8.05,US,2020-11-28 17:22:38,broken clouds
84,Kulhudhuffushi,6.62,73.07,82.94,63,14,3.4,MV,2020-11-28 17:23:29,few clouds
85,Qaqortoq,60.72,-46.03,33.8,80,75,13.87,GL,2020-11-28 17:23:30,broken clouds
86,Moreira Sales,-24.06,-53.01,93.06,35,7,11.63,BR,2020-11-28 17:23:30,clear sky
87,Nebug,44.17,39.0,50.23,57,0,5.06,RU,2020-11-28 17:23:30,clear sky
88,Muros,42.78,-9.06,57.99,71,20,10.29,ES,2020-11-28 17:23:30,moderate rain
89,Georgetown,5.41,100.34,77.0,94,20,5.88,MY,2020-11-28 17:23:30,light rain
90,Bengkulu,-3.8,102.27,72.43,92,100,4.81,ID,2020-11-28 17:23:30,moderate rain
91,Irondequoit,43.21,-77.58,44.01,52,75,16.11,US,2020-11-28 17:22:10,broken clouds
92,Givors,45.58,4.77,42.8,81,0,4.7,FR,2020-11-28 17:23:30,clear sky
93,Nadym,65.53,72.52,0.28,92,0,9.42,RU,2020-11-28 17:23:30,clear sky
94,Diego De Almagro,-26.37,-70.05,86.61,13,0,12.19,CL,2020-11-28 17:23:30,clear sky
95,Tessalit,20.2,1.01,74.55,20,81,7.56,ML,2020-11-28 17:23:30,broken clouds
96,Bezhetsk,57.79,36.7,27.48,98,96,8.68,RU,2020-11-28 17:23:30,overcast clouds
97,Grand Gaube,-20.01,57.66,75.99,76,9,5.01,MU,2020-11-28 17:23:31,clear sky
98,Noyabrsk,63.2,75.45,-3.37,92,2,0.81,RU,2020-11-28 17:23:31,clear sky
99,Togur,58.36,82.83,6.01,94,0,4.74,RU,2020-11-28 17:23:31,clear sky
100,Saldanha,-33.01,17.94,66.2,59,0,20.8,ZA,2020-11-28 17:23:31,clear sky
101,Kasane,-17.82,25.15,76.89,66,78,3.44,BW,2020-11-28 17:23:31,light rain
102,Mtsensk,53.28,36.57,33.75,96,100,10.6,RU,2020-11-28 17:23:31,light rain
103,Narsaq,60.92,-46.05,33.8,80,75,13.87,GL,2020-11-28 17:23:31,broken clouds
104,Camacha,33.08,-16.33,62.6,59,40,21.92,PT,2020-11-28 17:23:31,scattered clouds
105,Lebu,-37.62,-73.65,60.26,78,91,8.08,CL,2020-11-28 17:23:31,overcast clouds
106,Praia,14.92,-23.51,78.8,61,75,16.11,CV,2020-11-28 17:23:32,broken clouds
107,Inverness,57.48,-4.22,36.0,81,20,4.29,GB,2020-11-28 17:23:32,fog
108,Treinta Y Tres,-33.23,-54.38,78.1,74,98,11.07,UY,2020-11-28 17:23:32,light rain
109,Mogwase,-25.18,27.27,71.02,58,31,16.4,ZA,2020-11-28 17:23:32,scattered clouds
110,Bay Roberts,47.6,-53.26,59.0,93,75,18.34,CA,2020-11-28 17:23:32,broken clouds
111,Iqaluit,63.75,-68.51,17.6,85,90,19.46,CA,2020-11-28 17:23:32,light snow
112,West Bay,19.37,-81.42,82.99,74,20,12.75,KY,2020-11-28 17:23:32,few clouds
113,Shentala,54.45,51.48,22.35,98,100,10.54,RU,2020-11-28 17:23:32,overcast clouds
114,Klaksvik,62.23,-6.59,41.0,93,100,1.12,FO,2020-11-28 17:23:33,light rain
115,Cidreira,-30.18,-50.21,76.89,76,92,18.39,BR,2020-11-28 17:23:33,overcast clouds
116,Kulu,39.1,33.08,38.7,72,0,2.82,TR,2020-11-28 17:23:33,clear sky
117,Cockburn Town,21.46,-71.14,80.6,61,20,9.17,TC,2020-11-28 17:23:33,few clouds
118,Rapla,59.01,24.79,34.0,95,99,1.01,EE,2020-11-28 17:23:33,overcast clouds
119,Merrill,45.18,-89.68,39.99,60,1,9.17,US,2020-11-28 17:23:33,clear sky
120,Amaigbo,5.79,7.84,84.49,54,15,2.89,NG,2020-11-28 17:23:33,few clouds
121,Shubarkuduk,49.14,56.49,18.25,96,32,5.46,KZ,2020-11-28 17:23:33,scattered clouds
122,Jumla,29.27,82.18,42.8,48,0,4.81,NP,2020-11-28 17:23:33,clear sky
123,Natal,-5.79,-35.21,86.0,55,75,26.4,BR,2020-11-28 17:21:30,broken clouds
124,Rosetta,31.4,30.42,64.4,68,40,6.93,EG,2020-11-28 17:23:34,scattered clouds
125,Polovinnoye,54.79,65.99,4.5,94,84,5.84,RU,2020-11-28 17:23:34,broken clouds
126,Galle,6.04,80.22,78.03,82,100,2.73,LK,2020-11-28 17:23:34,overcast clouds
127,Scarborough,54.28,-0.4,46.99,92,94,1.99,GB,2020-11-28 17:23:34,light rain
128,Ugoofaaru,5.67,73.0,83.12,62,40,4.99,MV,2020-11-28 17:23:34,scattered clouds
129,Surt,31.21,16.59,68.2,41,0,18.52,LY,2020-11-28 17:23:34,clear sky
130,Bubaque,11.28,-15.83,84.38,47,0,3.96,GW,2020-11-28 17:23:34,clear sky
131,Baturyn,51.35,32.88,36.68,98,100,3.4,UA,2020-11-28 17:23:34,light rain
132,Kielce,50.87,20.63,35.01,1,95,6.64,PL,2020-11-28 17:19:08,overcast clouds
133,Najran,17.49,44.13,75.2,36,40,6.93,SA,2020-11-28 17:23:34,scattered clouds
134,Le Vauclin,14.55,-60.84,84.2,79,75,11.41,MQ,2020-11-28 17:23:34,broken clouds
135,Beyneu,45.32,55.2,30.88,91,0,11.65,KZ,2020-11-28 17:23:35,clear sky
136,Castro,-24.79,-50.01,84.36,43,6,0.92,BR,2020-11-28 17:20:53,clear sky
137,Urucara,-2.54,-57.76,92.34,44,37,6.51,BR,2020-11-28 17:23:35,scattered clouds
138,Matagami,49.75,-77.63,30.2,100,90,8.05,CA,2020-11-28 17:23:35,light snow
139,Paratinga,-12.69,-43.18,86.41,41,100,5.28,BR,2020-11-28 17:23:35,overcast clouds
140,Tim,51.62,37.12,39.2,93,90,8.95,RU,2020-11-28 17:23:35,moderate rain
141,Kismayo,-0.36,42.55,81.23,79,58,11.74,SO,2020-11-28 17:20:19,broken clouds
142,Ampanihy,-24.7,44.75,73.24,80,9,14.67,MG,2020-11-28 17:23:35,clear sky
143,Ancud,-41.87,-73.82,59.0,71,20,10.29,CL,2020-11-28 17:23:35,few clouds
144,Mafinga,-7.25,35.07,81.37,44,27,12.44,TZ,2020-11-28 17:23:35,scattered clouds
145,Santa Isabel Do Rio Negro,-0.41,-65.02,84.63,82,83,6.4,BR,2020-11-28 17:23:35,moderate rain
146,Pishin,30.58,67.0,52.11,36,44,1.34,PK,2020-11-28 17:23:35,scattered clouds
147,Marsa Matruh,31.35,27.25,66.2,59,40,6.93,EG,2020-11-28 17:23:36,scattered clouds
148,Kralendijk,12.15,-68.27,82.4,78,75,13.87,BQ,2020-11-28 17:23:36,broken clouds
149,Vredendal,-31.67,18.5,70.68,52,0,23.64,ZA,2020-11-28 17:23:36,clear sky
150,Rocha,-34.48,-54.33,78.15,68,96,12.39,UY,2020-11-28 17:23:36,overcast clouds
151,Balfour,-26.66,28.59,64.0,85,85,9.08,ZA,2020-11-28 17:23:36,light rain
152,Montepuez,-13.13,39.0,80.42,56,65,8.95,MZ,2020-11-28 17:23:36,broken clouds
153,Khash,28.22,61.22,50.45,42,81,4.74,IR,2020-11-28 17:23:36,broken clouds
154,Berlevag,70.86,29.09,33.01,90,100,21.41,NO,2020-11-28 17:23:36,overcast clouds
155,Taft,31.75,54.21,44.6,87,90,4.7,IR,2020-11-28 17:23:36,mist
156,Maniitsoq,65.42,-52.9,25.61,84,61,8.72,GL,2020-11-28 17:23:36,broken clouds
157,Lewisporte,49.25,-55.05,51.8,87,90,9.17,CA,2020-11-28 17:23:37,overcast clouds
158,Husavik,66.04,-17.34,35.6,55,75,10.29,IS,2020-11-28 17:23:37,broken clouds
159,Huambo,-12.78,15.74,65.37,86,100,2.21,AO,2020-11-28 17:23:37,light rain
160,Peniche,39.36,-9.38,55.0,90,99,5.99,PT,2020-11-28 17:23:37,light rain
161,Taltal,-25.4,-70.48,69.78,56,7,8.5,CL,2020-11-28 17:23:37,clear sky
162,Dapaong,10.86,0.2,89.28,36,41,3.53,TG,2020-11-28 17:23:37,scattered clouds
163,Port Elizabeth,-33.92,25.57,64.4,88,75,6.93,ZA,2020-11-28 17:22:35,broken clouds
164,Port-Gentil,-0.72,8.78,82.4,78,20,9.17,GA,2020-11-28 17:23:37,few clouds
165,Nioro,13.35,-15.75,93.7,13,20,5.03,GM,2020-11-28 17:23:37,few clouds
166,Buraydah,26.33,43.98,66.2,93,75,13.87,SA,2020-11-28 17:23:37,thunderstorm
167,Minas,-34.38,-55.24,84.99,61,90,17.22,UY,2020-11-28 17:23:38,overcast clouds
168,Valdivia,-39.81,-73.25,57.2,100,90,8.05,CL,2020-11-28 17:23:38,light rain
169,Saint-Pierre,-21.34,55.48,77.0,69,90,5.82,RE,2020-11-28 17:23:38,overcast clouds
170,Pathalgaon,22.57,83.47,62.78,57,0,4.83,IN,2020-11-28 17:23:38,clear sky
171,Adrar,20.5,-10.07,72.97,24,51,7.29,MR,2020-11-28 17:23:38,broken clouds
172,Talnakh,69.49,88.4,10.4,85,90,22.37,RU,2020-11-28 17:23:38,light snow
173,Maamba,-17.37,27.15,79.66,57,56,3.38,ZM,2020-11-28 17:23:38,broken clouds
174,Havelock,34.88,-76.9,59.0,87,20,6.35,US,2020-11-28 17:23:09,few clouds
175,Petukhovo,55.07,67.9,5.7,94,100,5.64,RU,2020-11-28 17:23:38,overcast clouds
176,Constitucion,-35.33,-72.42,65.12,55,1,15.64,CL,2020-11-28 17:23:38,clear sky
177,Chuy,-33.7,-53.46,77.11,73,94,14.16,UY,2020-11-28 17:23:38,overcast clouds
178,Boddam,57.47,-1.78,39.99,76,0,2.24,GB,2020-11-28 17:23:39,clear sky
179,Cayenne,4.93,-52.33,77.0,100,0,9.62,GF,2020-11-28 17:23:39,light rain
180,Ilulissat,69.22,-51.1,6.8,50,20,3.36,GL,2020-11-28 17:23:39,few clouds
181,Koplik,42.21,19.44,44.6,70,20,3.36,AL,2020-11-28 17:23:39,few clouds
182,Querecotillo,-4.84,-80.65,84.79,42,70,3.94,PE,2020-11-28 17:19:52,broken clouds
183,Eyl,7.98,49.82,77.88,69,30,19.3,SO,2020-11-28 17:23:39,scattered clouds
184,Sao Filipe,14.9,-24.5,76.35,69,89,10.6,CV,2020-11-28 17:23:39,overcast clouds
185,Hyvinkaa,60.63,24.87,37.0,86,90,9.17,FI,2020-11-28 17:23:39,overcast clouds
186,Welkom,-27.99,26.71,66.0,82,61,7.87,ZA,2020-11-28 17:23:39,broken clouds
187,Bandarbeyla,9.49,50.81,76.8,77,54,14.0,SO,2020-11-28 17:23:39,broken clouds
188,San Luis,-33.3,-66.34,83.77,42,54,3.47,AR,2020-11-28 17:21:16,broken clouds
189,Tazovskiy,67.47,78.7,1.09,93,100,10.83,RU,2020-11-28 17:23:40,overcast clouds
190,Olafsvik,64.89,-23.71,35.83,84,100,14.2,IS,2020-11-28 17:23:40,light snow
191,Ilhabela,-23.78,-45.36,80.51,70,3,5.75,BR,2020-11-28 17:23:40,clear sky
192,Sakakah,29.97,40.21,56.82,73,86,13.71,SA,2020-11-28 17:22:35,overcast clouds
193,Nkwerre,5.76,7.11,83.66,61,23,2.86,NG,2020-11-28 17:23:40,few clouds
194,Pitea,65.32,21.48,33.8,96,90,11.41,SE,2020-11-28 17:23:40,overcast clouds
195,Henties Bay,-22.12,14.28,63.0,81,13,10.0,NA,2020-11-28 17:23:40,few clouds
196,Burla,21.5,83.87,68.31,51,0,5.08,IN,2020-11-28 17:23:40,clear sky
197,Mana,5.66,-53.78,83.35,78,12,9.26,GF,2020-11-28 17:23:40,light rain
198,Felipe Carrillo Puerto,19.58,-88.05,84.65,59,5,4.45,MX,2020-11-28 17:23:40,clear sky
199,Mirpur Mathelo,28.02,69.55,61.65,31,0,3.53,PK,2020-11-28 17:23:41,clear sky
200,Chambersburg,39.94,-77.66,55.0,48,24,1.99,US,2020-11-28 17:21:41,few clouds
201,Usvyaty,55.75,30.75,33.19,94,97,5.88,RU,2020-11-28 17:23:41,overcast clouds
202,Port Blair,11.67,92.75,80.89,79,99,15.1,IN,2020-11-28 17:23:41,light rain
203,Aden,12.78,45.04,79.93,73,16,13.87,YE,2020-11-28 17:19:06,few clouds
204,Shorapani,42.09,43.09,55.4,35,0,23.04,GE,2020-11-28 17:23:41,clear sky
205,Aqtobe,50.28,57.21,19.4,85,61,4.47,KZ,2020-11-28 17:22:14,mist
206,Oranjestad,12.52,-70.03,82.4,78,20,17.22,AW,2020-11-28 17:21:27,few clouds
207,Mumford,5.26,-0.76,81.1,79,60,9.62,GH,2020-11-28 17:23:41,broken clouds
208,Charlestown,-32.95,151.67,77.0,61,75,2.24,AU,2020-11-28 17:23:41,light rain
209,Sloboda,51.14,40.3,35.74,89,100,11.99,RU,2020-11-28 17:23:41,overcast clouds
210,Sur,22.57,59.53,73.56,62,0,8.68,OM,2020-11-28 17:23:25,clear sky
211,Saint-Augustin,51.23,-58.65,34.79,82,69,7.29,CA,2020-11-28 17:23:42,broken clouds
212,Torbay,47.67,-52.73,59.0,93,75,18.34,CA,2020-11-28 17:23:42,broken clouds
213,Malanje,-9.54,16.34,68.18,94,99,4.16,AO,2020-11-28 17:23:42,moderate rain
214,Santiago,-33.46,-70.65,87.01,27,0,4.7,CL,2020-11-28 17:19:22,clear sky
215,Balkanabat,39.51,54.37,44.89,58,100,16.55,TM,2020-11-28 17:23:42,overcast clouds
216,Manama,26.22,50.58,77.0,69,0,8.05,BH,2020-11-28 17:23:42,clear sky
217,Qaanaaq,77.48,-69.36,-0.58,85,100,6.31,GL,2020-11-28 17:23:42,overcast clouds
218,Lundazi,-12.29,33.18,73.87,49,0,6.71,ZM,2020-11-28 17:23:42,clear sky
219,Kargasok,59.06,80.86,3.38,94,13,4.54,RU,2020-11-28 17:23:42,few clouds
220,Gore,-46.1,168.94,52.0,80,37,10.0,NZ,2020-11-28 17:23:43,scattered clouds
221,Christiana,-27.91,25.16,68.76,66,48,20.24,ZA,2020-11-28 17:23:43,moderate rain
222,Margate,51.38,1.39,50.0,85,0,11.83,GB,2020-11-28 17:23:43,clear sky
223,Marzuq,14.4,46.47,65.79,76,0,6.42,YE,2020-11-28 17:23:43,clear sky
224,Harper,4.38,-7.72,82.15,73,8,7.63,LR,2020-11-28 17:23:43,clear sky
225,Dzilam Gonzalez,21.28,-88.93,83.05,59,0,5.41,MX,2020-11-28 17:23:43,clear sky
226,Melioratorov,57.21,65.61,12.2,85,90,4.47,RU,2020-11-28 17:23:43,light snow
227,Altay,47.87,88.12,19.78,74,83,4.29,CN,2020-11-28 17:23:43,broken clouds
228,Salinas,36.68,-121.66,50.0,39,1,13.87,US,2020-11-28 17:21:03,clear sky
229,Mehamn,71.04,27.85,35.04,84,100,13.31,NO,2020-11-28 17:23:43,overcast clouds
230,Broska,45.37,28.78,32.0,68,90,2.24,UA,2020-11-28 17:23:43,fog
231,Bathsheba,13.22,-59.52,86.0,70,40,13.87,BB,2020-11-28 17:23:39,scattered clouds
232,Thinadhoo,0.53,72.93,82.44,73,51,7.78,MV,2020-11-28 17:23:44,broken clouds
233,Adeje,28.12,-16.73,73.4,53,40,13.87,ES,2020-11-28 17:23:44,scattered clouds
234,Otjimbingwe,-22.35,16.13,85.05,20,47,19.3,NA,2020-11-28 17:23:44,scattered clouds
235,Conil,44.97,3.72,42.8,75,0,4.7,FR,2020-11-28 17:23:44,clear sky
236,Sao Felix Do Xingu,-6.64,-51.99,89.76,51,42,7.09,BR,2020-11-28 17:23:44,light rain
237,Sisimiut,66.94,-53.67,18.5,85,73,11.86,GL,2020-11-28 17:20:31,broken clouds
238,Ambilobe,-13.2,49.05,78.93,75,93,3.24,MG,2020-11-28 17:22:05,overcast clouds
239,Affery,6.32,-3.96,81.36,83,60,2.57,CI,2020-11-28 17:23:44,light rain
240,Salalah,17.02,54.09,78.8,65,75,2.24,OM,2020-11-28 17:23:44,broken clouds
241,Ponta Delgada,37.73,-25.67,57.2,54,40,17.22,PT,2020-11-28 17:23:44,scattered clouds
242,San Cristobal,7.77,-72.22,84.2,70,40,9.17,VE,2020-11-28 17:23:44,scattered clouds
243,Coquimbo,-29.95,-71.34,62.6,72,0,13.87,CL,2020-11-28 17:23:45,clear sky
244,Chapais,49.78,-74.85,26.6,92,90,5.82,CA,2020-11-28 17:23:45,overcast clouds
245,Sambava,-14.27,50.17,76.19,80,0,7.09,MG,2020-11-28 17:23:45,clear sky
246,Kansanshi,-12.1,26.43,65.48,91,94,3.13,ZM,2020-11-28 17:23:45,light rain
247,Korla,41.76,86.15,31.01,78,89,3.53,CN,2020-11-28 17:20:42,overcast clouds
248,Zabid,14.2,43.32,81.46,63,25,14.0,YE,2020-11-28 17:23:45,scattered clouds
249,Mapiripan,2.89,-72.13,82.44,79,82,0.43,CO,2020-11-28 17:23:45,moderate rain
250,Kattivakkam,13.22,80.32,80.6,94,75,2.24,IN,2020-11-28 17:23:45,broken clouds
251,Keti Bandar,24.14,67.45,71.02,27,0,7.85,PK,2020-11-28 17:23:45,clear sky
252,Itarema,-2.92,-39.92,87.71,55,91,20.6,BR,2020-11-28 17:23:45,overcast clouds
253,Biarritz,43.48,-1.56,59.0,81,0,3.36,FR,2020-11-28 17:23:45,clear sky
254,Kongolo,-5.38,27.0,72.46,93,100,2.46,CD,2020-11-28 17:23:45,light rain
255,Tanout,14.97,8.89,80.73,16,87,7.49,NE,2020-11-28 17:23:46,overcast clouds
256,Mangan,27.52,88.53,59.86,24,0,7.29,IN,2020-11-28 17:23:46,clear sky
257,Kasauli,30.9,76.96,46.6,52,32,4.54,IN,2020-11-28 17:19:33,scattered clouds
258,Mendi,-6.18,143.65,56.39,99,100,1.52,PG,2020-11-28 17:23:46,light rain
259,Sao Miguel Do Araguaia,-13.28,-50.16,94.46,35,14,9.19,BR,2020-11-28 17:23:46,few clouds
260,Podgornoye,51.73,39.15,39.2,100,90,11.18,RU,2020-11-28 17:23:46,mist
261,Alenquer,-1.94,-54.74,87.8,70,20,10.29,BR,2020-11-28 17:23:46,few clouds
262,El Alto,-4.27,-81.21,80.6,57,0,11.41,PE,2020-11-28 17:23:46,clear sky
263,Benjamin Aceval,-24.97,-57.57,95.0,53,0,11.41,PY,2020-11-28 17:23:46,clear sky
264,Pueblo Nuevo,23.38,-105.38,72.14,44,8,4.65,MX,2020-11-28 17:23:46,clear sky
265,Darab,28.75,54.54,62.65,54,100,1.43,IR,2020-11-28 17:23:46,overcast clouds
266,Gat,31.61,34.76,64.4,72,40,3.36,IL,2020-11-28 17:19:04,scattered clouds
267,Giera,45.41,20.99,36.0,86,90,4.7,RO,2020-11-28 17:23:47,overcast clouds
268,Kamenka,51.32,42.77,35.01,92,100,11.27,RU,2020-11-28 17:23:47,overcast clouds
269,Pitimbu,-7.47,-34.81,86.0,58,20,18.34,BR,2020-11-28 17:23:47,few clouds
270,Ostrovnoy,68.05,39.51,29.5,95,88,26.26,RU,2020-11-28 17:23:47,overcast clouds
271,Baryatino,54.31,34.52,31.48,99,90,8.23,RU,2020-11-28 17:23:47,overcast clouds
272,Calera,33.1,-86.75,64.0,63,1,6.64,US,2020-11-28 17:23:47,clear sky
273,Iquique,-20.22,-70.14,71.6,64,0,18.34,CL,2020-11-28 17:23:14,clear sky
274,Benavente,42.0,-5.68,46.4,81,40,3.36,ES,2020-11-28 17:23:47,scattered clouds
275,Wattegama,6.8,81.48,74.46,91,99,2.53,LK,2020-11-28 17:23:47,overcast clouds
276,Vestmannaeyjar,63.44,-20.27,35.6,93,40,17.22,IS,2020-11-28 17:23:48,scattered clouds
277,Sergeyevka,53.88,67.42,8.62,95,100,6.04,KZ,2020-11-28 17:23:48,overcast clouds
278,Manadhoo,5.77,73.38,82.76,61,37,1.97,MV,2020-11-28 17:23:48,scattered clouds
279,Le Moule,16.33,-61.35,86.0,62,20,9.17,GP,2020-11-28 17:23:48,few clouds
280,Zonguldak,41.25,31.83,44.73,58,0,3.69,TR,2020-11-28 17:23:48,clear sky
281,Kalmunai,7.42,81.82,79.63,78,100,2.37,LK,2020-11-28 17:23:48,overcast clouds
282,Tevriz,57.51,72.4,4.46,94,13,3.65,RU,2020-11-28 17:23:48,few clouds
283,Andilamena,-17.02,48.58,66.33,86,23,8.37,MG,2020-11-28 17:23:48,few clouds
284,Derzhavinsk,51.1,66.32,15.85,96,100,13.44,KZ,2020-11-28 17:23:48,overcast clouds
285,Paoua,7.24,16.44,79.97,23,0,3.6,CF,2020-11-28 17:23:48,clear sky
286,Tucupita,9.06,-62.05,89.06,59,58,4.61,VE,2020-11-28 17:23:48,broken clouds
287,Nouadhibou,20.93,-17.03,71.6,60,0,11.41,MR,2020-11-28 17:23:48,clear sky
288,Graaff-Reinet,-32.25,24.53,69.01,61,35,7.0,ZA,2020-11-28 17:23:48,light rain
289,Yarada,17.65,83.27,77.0,73,90,6.93,IN,2020-11-28 17:23:49,haze
290,Oussouye,12.48,-16.55,91.4,41,0,6.93,SN,2020-11-28 17:23:49,clear sky
291,Zhezkazgan,47.8,67.71,13.28,94,27,15.66,KZ,2020-11-28 17:23:49,scattered clouds
292,Quepos,9.42,-84.17,80.6,54,20,12.75,CR,2020-11-28 17:23:49,few clouds
293,Tonj,7.27,28.68,81.59,24,78,3.6,SS,2020-11-28 17:23:49,broken clouds
294,Acarau,-2.89,-40.12,88.47,53,90,20.18,BR,2020-11-28 17:23:49,overcast clouds
295,Sirajganj,24.45,89.72,73.42,64,0,10.45,BD,2020-11-28 17:23:49,clear sky
296,Ihlow,51.88,13.33,37.99,80,75,2.24,DE,2020-11-28 17:23:49,broken clouds
297,Mullovka,54.2,49.4,28.4,100,90,8.95,RU,2020-11-28 17:23:49,light snow
298,Karlshamn,56.17,14.86,33.8,100,49,9.17,SE,2020-11-28 17:23:49,scattered clouds
299,Jyvaskyla,62.24,25.72,32.0,100,90,3.36,FI,2020-11-28 17:23:49,overcast clouds
300,Belyy Yar,53.6,91.39,14.0,85,75,0.78,RU,2020-11-28 17:23:50,light snow
301,Pasvalys,56.06,24.4,35.6,86,90,11.41,LT,2020-11-28 17:21:45,overcast clouds
302,Kyabe,9.45,18.94,84.85,17,0,4.03,TD,2020-11-28 17:23:50,clear sky
303,Kabalo,-6.05,26.92,72.84,93,100,3.42,CD,2020-11-28 17:23:50,moderate rain
304,Tornio,65.85,24.15,24.8,100,90,8.05,FI,2020-11-28 17:23:50,overcast clouds
305,Anuradhapura,8.36,80.42,74.35,94,100,3.33,LK,2020-11-28 17:23:50,overcast clouds
306,Yanam,16.73,82.22,75.2,69,75,6.93,IN,2020-11-28 17:23:50,haze
307,Presidente Dutra,-5.29,-44.49,90.97,48,99,5.99,BR,2020-11-28 17:23:50,overcast clouds
308,Abu Samrah,35.3,37.18,54.81,63,35,7.02,SY,2020-11-28 17:23:50,scattered clouds
309,Malakal,9.53,31.66,81.82,19,16,5.3,SS,2020-11-28 17:23:50,few clouds
310,Kargat,55.2,80.28,4.77,93,47,7.11,RU,2020-11-28 17:23:50,scattered clouds
311,Nuh,28.12,77.02,70.0,72,0,3.09,IN,2020-11-28 17:23:50,haze
312,Cabo Rojo,18.09,-67.15,86.0,60,1,3.0,PR,2020-11-28 17:23:50,clear sky
313,Gidole,5.65,37.37,62.15,84,18,4.52,ET,2020-11-28 17:23:51,light rain
314,Bilma,18.69,12.92,73.69,21,13,5.14,NE,2020-11-28 17:23:51,few clouds
315,Caravelas,-17.71,-39.25,81.93,64,14,9.24,BR,2020-11-28 17:23:51,few clouds
316,Demyansk,57.64,32.47,31.75,98,87,4.65,RU,2020-11-28 17:23:51,overcast clouds
317,Brunico,46.8,11.94,34.0,74,5,0.63,IT,2020-11-28 17:23:51,clear sky
318,Elizabeth City,36.29,-76.25,60.01,82,20,4.7,US,2020-11-28 17:23:51,few clouds
319,Vagur,61.47,-6.81,44.65,75,100,10.8,FO,2020-11-28 17:23:51,overcast clouds
320,Vereshchagino,58.08,54.66,8.76,96,0,4.41,RU,2020-11-28 17:23:51,clear sky
321,Shenkursk,62.11,42.9,17.06,95,0,4.94,RU,2020-11-28 17:23:51,clear sky
322,Umm Lajj,25.02,37.27,74.25,59,0,13.53,SA,2020-11-28 17:23:51,clear sky
323,Sihora,23.48,80.12,61.84,53,15,3.74,IN,2020-11-28 17:23:51,few clouds
324,Rognan,67.1,15.39,42.8,75,75,6.93,NO,2020-11-28 17:23:51,broken clouds
325,Alipur,29.38,70.91,62.46,29,1,2.33,PK,2020-11-28 17:23:52,clear sky
326,Lyngseidet,69.58,20.22,42.8,75,75,25.28,NO,2020-11-28 17:23:52,broken clouds
327,Volot,57.93,30.7,32.52,96,95,7.87,RU,2020-11-28 17:23:52,overcast clouds
328,Richards Bay,-28.78,32.04,75.99,76,100,14.41,ZA,2020-11-28 17:20:06,overcast clouds
329,Malartic,48.13,-78.13,33.8,80,90,8.05,CA,2020-11-28 17:23:52,light rain
330,Grand-Lahou,5.14,-5.02,82.18,72,68,6.4,CI,2020-11-28 17:23:52,broken clouds
331,Guaiuba,-4.04,-38.64,87.8,55,20,16.11,BR,2020-11-28 17:20:08,few clouds
332,Doha,25.29,51.53,77.0,69,0,2.24,QA,2020-11-28 17:22:29,clear sky
333,Sawakin,19.11,37.33,78.75,73,48,16.6,SD,2020-11-28 17:23:52,light rain
334,Nicoya,10.15,-85.45,87.8,55,20,10.29,CR,2020-11-28 17:23:52,few clouds
335,Molokovo,58.17,36.76,26.76,98,97,7.94,RU,2020-11-28 17:23:52,overcast clouds
336,Lushoto,-4.78,38.28,61.48,100,31,3.09,TZ,2020-11-28 17:23:53,light rain
337,Tutoia,-2.76,-42.27,85.86,67,100,12.5,BR,2020-11-28 17:23:53,overcast clouds
338,Upata,8.01,-62.4,90.0,65,3,3.0,VE,2020-11-28 17:23:53,clear sky
339,Shu,43.6,73.76,29.37,98,100,8.23,KZ,2020-11-28 17:23:53,overcast clouds
340,Plettenberg Bay,-34.05,23.37,63.03,87,96,6.64,ZA,2020-11-28 17:23:53,light rain
341,Arbazh,57.68,48.31,19.85,97,100,11.16,RU,2020-11-28 17:23:53,snow
342,Sao Lourenco Do Sul,-31.37,-51.98,84.2,70,75,17.22,BR,2020-11-28 17:23:53,broken clouds
343,Namibe,-15.2,12.15,74.53,75,34,8.86,AO,2020-11-28 17:23:53,scattered clouds
344,Peterhead,57.51,-1.8,39.99,78,0,2.24,GB,2020-11-28 17:23:53,clear sky
345,Shelburne,44.08,-80.2,42.8,56,40,11.41,CA,2020-11-28 17:21:25,scattered clouds
346,Girne,35.34,33.32,57.2,76,40,11.88,CY,2020-11-28 17:19:18,light rain
347,Inhambane,-23.86,35.38,78.8,78,40,9.17,MZ,2020-11-28 17:23:28,scattered clouds
348,Amapa,1.0,-52.0,83.25,81,72,4.32,BR,2020-11-28 17:23:54,moderate rain
349,Senekal,-28.32,27.62,62.78,79,100,6.29,ZA,2020-11-28 17:23:54,overcast clouds
350,Abonnema,4.71,6.79,78.8,88,40,3.36,NG,2020-11-28 17:23:54,scattered clouds
351,Damghan,36.17,54.35,46.89,52,100,3.67,IR,2020-11-28 17:23:54,overcast clouds
352,Huarmey,-10.07,-78.15,73.02,60,52,12.46,PE,2020-11-28 17:23:54,broken clouds
353,Port Shepstone,-30.74,30.45,73.85,88,100,16.15,ZA,2020-11-28 17:23:54,overcast clouds
354,Mancio Lima,-7.61,-72.9,84.2,83,75,3.36,BR,2020-11-28 17:23:54,broken clouds
355,Mahon,39.89,4.27,59.0,77,40,9.17,ES,2020-11-28 17:23:54,scattered clouds
356,Pirai Do Sul,-24.53,-49.95,86.0,61,6,4.0,BR,2020-11-28 17:23:55,clear sky
357,Sharan,54.82,54.0,18.88,96,94,7.02,RU,2020-11-28 17:23:55,overcast clouds
358,Tombouctou,20.0,-3.0,75.74,20,21,4.32,ML,2020-11-28 17:23:55,few clouds
359,Wexford,52.33,-6.46,50.0,100,90,5.82,IE,2020-11-28 17:23:55,overcast clouds
360,Sistranda,63.73,8.83,33.8,80,0,17.22,NO,2020-11-28 17:23:55,clear sky
361,Opuwo,-18.06,13.84,77.88,39,81,12.55,NA,2020-11-28 17:23:55,light rain
362,Muyezerskiy,63.93,31.65,21.83,98,56,3.53,RU,2020-11-28 17:23:55,broken clouds
363,Coihaique,-45.58,-72.07,50.0,53,75,5.82,CL,2020-11-28 17:23:55,light intensity shower rain
364,Mashhad,36.3,59.61,37.4,93,75,6.93,IR,2020-11-28 17:23:55,broken clouds
365,Kushmurun,52.45,64.63,9.66,95,75,8.72,KZ,2020-11-28 17:23:55,broken clouds
366,Awbari,26.59,12.78,68.47,25,3,7.74,LY,2020-11-28 17:23:55,clear sky
367,Antofagasta,-23.65,-70.4,69.8,56,0,11.41,CL,2020-11-28 17:19:07,clear sky
368,Kashi,39.45,75.98,28.4,74,0,8.95,CN,2020-11-28 17:23:56,clear sky
369,Valparaiso,-33.04,-71.63,66.2,55,0,8.05,CL,2020-11-28 17:19:51,clear sky
370,Mamallapuram,12.63,80.17,80.6,94,75,2.24,IN,2020-11-28 17:23:56,broken clouds
371,Bud,39.45,-86.18,43.0,60,1,3.4,US,2020-11-28 17:23:56,clear sky
372,Nanuque,-17.84,-40.35,80.98,67,67,10.56,BR,2020-11-28 17:23:56,light rain
373,Holme,56.11,10.17,35.6,93,0,5.82,DK,2020-11-28 17:23:56,clear sky
374,Nieuwpoort,51.12,2.77,46.4,87,0,4.7,BE,2020-11-28 17:23:56,clear sky
375,Pilna,55.55,45.92,34.0,97,100,11.25,RU,2020-11-28 17:23:56,light rain
376,La Sarre,48.8,-79.2,30.61,97,99,12.55,CA,2020-11-28 17:23:56,light snow
377,Verkhniy Uslon,55.77,48.98,24.8,92,75,15.66,RU,2020-11-28 17:23:56,light snow
378,Kalia,23.04,89.63,69.12,54,0,6.04,BD,2020-11-28 17:23:57,clear sky
379,Los Llanos De Aridane,28.66,-17.92,69.8,60,20,11.65,ES,2020-11-28 17:23:57,few clouds
380,Ornskoldsvik,63.29,18.72,30.2,100,41,2.24,SE,2020-11-28 17:22:04,scattered clouds
381,Manjacaze,-24.71,33.88,79.56,66,79,8.72,MZ,2020-11-28 17:23:57,broken clouds
382,Morondava,-20.28,44.28,81.99,74,3,13.13,MG,2020-11-28 17:23:57,clear sky
383,Abu Zabad,12.35,29.25,75.79,20,0,11.83,SD,2020-11-28 17:23:57,clear sky
384,Barcelos,41.54,-8.62,57.2,76,40,12.75,PT,2020-11-28 17:23:57,moderate rain
385,Jaque,7.52,-78.17,80.94,77,44,5.23,PA,2020-11-28 17:23:57,light rain
386,Umm Kaddadah,13.6,26.69,74.39,20,11,15.37,SD,2020-11-28 17:23:57,few clouds
387,Turukhansk,65.82,87.98,-2.54,93,100,6.42,RU,2020-11-28 17:23:57,overcast clouds
388,Benjamin Constant,-4.38,-70.03,78.8,83,90,6.93,BR,2020-11-28 17:23:57,light rain
389,Zvishavane,-20.33,30.07,73.29,79,30,8.79,ZW,2020-11-28 17:21:47,moderate rain
390,Sitio Novo Do Tocantins,-5.52,-47.46,89.6,59,40,8.05,BR,2020-11-28 17:23:58,scattered clouds
391,Cullman,34.17,-86.84,60.01,66,40,5.82,US,2020-11-28 17:23:58,scattered clouds
392,Guantanamo,20.14,-75.21,86.0,62,75,12.75,CU,2020-11-28 17:23:58,broken clouds
393,Campbellsville,37.34,-85.34,46.99,65,1,5.44,US,2020-11-28 17:23:58,clear sky
394,Puerto Narino,-3.77,-70.38,78.8,94,75,8.05,CO,2020-11-28 17:23:58,moderate rain
395,Dutlwe,-23.98,23.9,79.97,48,49,6.93,BW,2020-11-28 17:23:58,scattered clouds
396,Oistins,13.07,-59.53,86.0,70,40,13.87,BB,2020-11-28 17:23:58,scattered clouds
397,Kita,13.03,-9.49,95.59,9,0,1.1,ML,2020-11-28 17:23:58,clear sky
398,Sao Joao Da Barra,-21.64,-41.05,84.2,58,40,16.11,BR,2020-11-28 17:23:58,scattered clouds
399,Villafranca De Los Barros,38.56,-6.34,55.99,77,86,5.99,ES,2020-11-28 17:23:58,light rain
400,Mahajanga,-15.72,46.32,84.2,74,20,11.41,MG,2020-11-28 17:23:58,few clouds
401,Albany,42.6,-73.97,50.0,59,87,11.07,US,2020-11-28 17:23:59,light rain
402,Iskateley,67.68,53.15,14.04,95,91,13.31,RU,2020-11-28 17:23:59,overcast clouds
403,Bageshwar,29.85,79.77,52.45,41,0,2.42,IN,2020-11-28 17:23:59,clear sky
404,Guayaramerin,-10.84,-65.36,93.2,46,75,2.24,BO,2020-11-28 17:23:59,broken clouds
405,Toguchin,55.24,84.39,5.09,91,0,3.85,RU,2020-11-28 17:23:59,clear sky
406,Duque De Caxias,-22.79,-43.31,89.6,49,20,5.82,BR,2020-11-28 17:23:59,few clouds
407,Kavaratti,10.57,72.64,82.83,68,68,7.07,IN,2020-11-28 17:23:59,broken clouds
408,Maragogi,-9.01,-35.22,81.72,64,50,12.46,BR,2020-11-28 17:24:00,scattered clouds
409,Makuyuni,-4.73,38.1,76.32,76,17,3.71,TZ,2020-11-28 17:24:00,light rain
410,Hit,33.64,42.83,61.52,81,100,3.18,IQ,2020-11-28 17:24:00,moderate rain
411,Pederneiras,-22.35,-48.77,91.0,36,85,5.01,BR,2020-11-28 17:24:00,overcast clouds
412,Ecoporanga,-18.37,-40.83,80.71,64,69,9.8,BR,2020-11-28 17:24:00,broken clouds
413,Ipatovo,45.72,42.9,37.11,93,3,8.99,RU,2020-11-28 17:24:00,clear sky
414,Havre-Saint-Pierre,50.23,-63.6,30.2,92,90,4.7,CA,2020-11-28 17:24:00,overcast clouds
415,Okakarara,-20.58,17.43,67.3,84,86,12.62,NA,2020-11-28 17:24:00,heavy intensity rain
416,Carnarvon,-24.87,113.63,69.8,83,35,18.34,AU,2020-11-28 17:24:00,scattered clouds
417,Tarn Taran,31.45,74.93,60.8,81,20,3.67,IN,2020-11-28 17:24:00,mist
418,Pafos,34.77,32.42,57.2,76,40,5.82,CY,2020-11-28 17:23:34,scattered clouds
419,Nsanje,-16.92,35.26,86.72,48,92,3.62,MW,2020-11-28 17:24:00,overcast clouds
420,Escanaba,45.75,-87.06,39.99,55,1,10.29,US,2020-11-28 17:24:00,clear sky
421,Geraldton,-28.77,114.6,60.8,67,82,10.29,AU,2020-11-28 17:24:01,broken clouds
422,Dalvik,65.97,-18.53,35.6,55,75,10.29,IS,2020-11-28 17:24:01,broken clouds
423,Kemijarvi,66.71,27.43,20.35,97,80,6.82,FI,2020-11-28 17:24:01,broken clouds
424,Hofn,64.25,-15.21,37.49,77,97,11.68,IS,2020-11-28 17:24:01,overcast clouds
425,Sao Jose Do Belmonte,-7.86,-38.76,91.92,31,86,11.25,BR,2020-11-28 17:24:01,overcast clouds
426,Gambo,4.65,22.26,78.93,42,99,0.31,CF,2020-11-28 17:24:01,overcast clouds
427,Kokstad,-30.55,29.42,64.99,68,99,3.87,ZA,2020-11-28 17:24:01,overcast clouds
428,Jesup,31.61,-81.89,60.8,93,90,10.29,US,2020-11-28 17:24:01,overcast clouds
429,Arkhipo-Osipovka,44.37,38.52,50.63,63,0,6.51,RU,2020-11-28 17:24:01,clear sky
430,Yazykovo,55.22,56.14,14.34,96,33,4.9,RU,2020-11-28 17:24:01,scattered clouds
431,Reconquista,-29.15,-59.65,90.39,58,82,10.6,AR,2020-11-28 17:24:01,light rain
432,Luderitz,-26.65,15.16,71.6,60,0,29.97,NA,2020-11-28 17:24:02,clear sky
433,Vagay,57.94,69.02,4.75,94,39,2.93,RU,2020-11-28 17:24:02,scattered clouds
434,Laguna,38.42,-121.42,46.0,70,1,4.7,US,2020-11-28 17:24:02,clear sky
435,Muslyumovo,55.3,53.19,20.5,96,98,7.99,RU,2020-11-28 17:24:02,overcast clouds
436,Yar-Sale,66.83,70.83,2.98,93,69,10.25,RU,2020-11-28 17:24:02,broken clouds
437,Dawlatabad,36.41,64.91,43.9,61,62,9.01,AF,2020-11-28 17:24:02,broken clouds
438,Padang,-0.95,100.35,77.27,80,100,4.05,ID,2020-11-28 17:24:02,very heavy rain
439,Leyland,53.7,-2.69,46.99,87,99,8.01,GB,2020-11-28 17:24:02,overcast clouds
440,Astana,51.18,71.45,8.6,84,90,13.42,KZ,2020-11-28 17:24:02,snow
441,Pimentel,-6.84,-79.93,75.2,60,0,21.92,PE,2020-11-28 17:24:02,clear sky
442,Jaisalmer,26.91,70.92,61.39,29,0,5.23,IN,2020-11-28 17:20:59,clear sky
443,Kangaatsiaq,68.31,-53.46,12.79,87,76,15.84,GL,2020-11-28 17:20:45,broken clouds
444,Savantvadi,15.9,73.82,77.0,73,20,6.93,IN,2020-11-28 17:24:03,few clouds
445,Hambantota,6.12,81.12,78.28,82,100,2.62,LK,2020-11-28 17:24:03,overcast clouds
446,Picos,-7.08,-41.47,93.79,35,100,8.88,BR,2020-11-28 17:21:29,overcast clouds
447,Muli,2.92,73.57,83.05,70,95,7.23,MV,2020-11-28 17:24:03,overcast clouds
448,Chanika,-5.42,38.02,70.81,88,3,5.39,TZ,2020-11-28 17:24:03,clear sky
449,Fort Walton Beach,30.41,-86.62,72.0,77,75,8.05,US,2020-11-28 17:24:03,broken clouds
450,Brodowski,-20.98,-47.66,93.2,30,75,9.17,BR,2020-11-28 17:24:03,broken clouds
451,Ipixuna,-1.76,-48.8,86.0,70,40,6.93,BR,2020-11-28 17:24:03,scattered clouds
452,Brae,60.4,-1.35,48.2,87,75,11.41,GB,2020-11-28 17:24:03,broken clouds
453,Podporozhye,60.91,34.17,23.85,96,87,6.6,RU,2020-11-28 17:24:03,overcast clouds
454,Fereydun Kenar,36.69,52.52,52.38,55,100,2.95,IR,2020-11-28 17:24:04,overcast clouds
455,Andenes,69.31,16.12,43.0,87,100,12.75,NO,2020-11-28 17:24:04,light rain
456,Atasu,48.68,71.64,14.04,96,100,18.79,KZ,2020-11-28 17:24:04,light snow
457,Shurugwi,-19.67,30.01,67.51,88,72,4.7,ZW,2020-11-28 17:24:04,moderate rain
458,Kharan,28.58,65.42,57.99,27,0,5.7,PK,2020-11-28 17:24:04,clear sky
459,Puchezh,56.98,43.17,30.31,98,100,14.54,RU,2020-11-28 17:24:04,snow
460,Port-Cartier,50.03,-66.87,34.0,86,91,3.36,CA,2020-11-28 17:24:04,overcast clouds
461,Santa Cruz De La Palma,28.68,-17.76,69.8,60,20,8.39,ES,2020-11-28 17:24:04,few clouds
462,Alekseyevka,50.63,38.69,37.18,91,100,13.94,RU,2020-11-28 17:24:04,overcast clouds
463,Villa Rica,33.73,-84.92,63.0,63,46,5.01,US,2020-11-28 17:21:14,scattered clouds
464,Walvis Bay,-22.96,14.51,66.2,63,1,17.22,NA,2020-11-28 17:24:04,clear sky
465,Florianopolis,-27.61,-48.5,84.0,69,40,11.41,BR,2020-11-28 17:23:39,scattered clouds
466,Bani Walid,31.76,13.99,66.54,29,0,9.57,LY,2020-11-28 17:24:05,clear sky
467,Saint Anthony,45.02,-93.22,45.0,48,1,6.93,US,2020-11-28 17:24:05,clear sky
468,Aklera,24.42,76.57,61.9,39,0,4.79,IN,2020-11-28 17:24:05,clear sky
469,San Carlos De Bariloche,-41.15,-71.31,60.8,55,40,23.04,AR,2020-11-28 17:24:05,scattered clouds
470,Wilmington,34.23,-77.94,60.8,87,90,3.36,US,2020-11-28 17:23:33,overcast clouds
471,Jiwani,25.05,61.74,74.19,53,0,8.03,PK,2020-11-28 17:24:05,clear sky
472,Jacareacanga,-6.22,-57.75,88.36,60,88,6.89,BR,2020-11-28 17:24:05,light rain
473,High Rock,26.62,-78.28,78.8,65,20,8.05,BS,2020-11-28 17:24:05,few clouds
474,Alakurtti,66.97,30.35,18.25,97,39,3.29,RU,2020-11-28 17:24:05,scattered clouds
475,Aksarka,66.56,67.8,4.66,93,58,9.89,RU,2020-11-28 17:24:05,broken clouds
476,Donskoye,45.46,41.97,32.0,85,0,8.95,RU,2020-11-28 17:24:06,clear sky
477,Haguenau,48.82,7.79,39.0,100,75,13.87,FR,2020-11-28 17:24:06,mist
478,Abnub,27.27,31.15,64.4,63,0,13.87,EG,2020-11-28 17:24:06,clear sky
479,Itamaraca,-7.75,-34.83,82.4,58,40,13.87,BR,2020-11-28 17:24:06,scattered clouds
480,Alta Floresta,-9.88,-56.09,92.86,41,45,5.08,BR,2020-11-28 17:24:06,scattered clouds
481,Pizarro,4.95,-77.37,80.96,75,55,5.26,CO,2020-11-28 17:24:06,broken clouds
482,Gamba,-2.65,10.0,77.13,86,35,5.99,GA,2020-11-28 17:24:06,scattered clouds
483,Almunecar,36.73,-3.69,60.01,67,0,3.0,ES,2020-11-28 17:24:06,clear sky
484,Sabha,27.04,14.43,68.07,25,19,10.49,LY,2020-11-28 17:24:06,few clouds
485,Glossa,35.47,23.78,63.0,87,20,4.47,GR,2020-11-28 17:24:06,few clouds
486,Faya,18.39,42.45,60.8,87,0,3.42,SA,2020-11-28 17:24:07,clear sky
487,Chichawatni,30.53,72.7,62.2,27,85,3.27,PK,2020-11-28 17:23:21,overcast clouds
488,Necochea,-38.55,-58.74,73.99,66,77,6.58,AR,2020-11-28 17:24:07,broken clouds
489,Gazli,40.13,63.45,33.48,83,2,11.56,UZ,2020-11-28 17:24:07,clear sky
490,Druzhba,52.04,33.95,36.46,97,100,5.46,UA,2020-11-28 17:24:07,light rain
491,Araouane,18.9,-3.53,77.04,21,99,6.4,ML,2020-11-28 17:24:07,overcast clouds
492,Dingle,11.0,122.67,76.08,91,56,7.36,PH,2020-11-28 17:24:07,broken clouds
493,Rio Grande,-32.03,-52.1,84.2,70,75,17.22,BR,2020-11-28 17:24:07,broken clouds
494,Ninotsminda,41.26,43.59,21.2,67,27,3.36,GE,2020-11-28 17:24:07,scattered clouds
495,Yokadouma,3.52,15.05,79.83,41,57,0.6,CM,2020-11-28 17:24:07,broken clouds
496,Aksu,41.12,80.26,26.31,82,8,4.41,CN,2020-11-28 17:24:07,clear sky
497,Marrakesh,31.63,-8.01,62.6,48,20,5.82,MA,2020-11-28 17:24:08,few clouds
498,Trairi,-3.28,-39.27,87.62,53,82,16.89,BR,2020-11-28 17:24:08,broken clouds
499,Puerto Del Rosario,28.5,-13.86,71.6,60,20,11.41,ES,2020-11-28 17:24:08,few clouds
500,Corinto,37.94,22.96,57.0,47,100,4.0,GR,2020-11-28 17:24:08,overcast clouds
501,Seydi,39.48,62.91,35.83,78,69,11.25,TM,2020-11-28 17:24:08,broken clouds
502,Amot,59.57,7.99,24.8,92,20,3.04,NO,2020-11-28 17:24:08,few clouds
503,Khora,37.05,21.72,60.01,82,40,4.56,GR,2020-11-28 17:24:08,scattered clouds
504,Gien,47.69,2.63,48.0,92,35,9.26,FR,2020-11-28 17:24:08,scattered clouds
505,Nurota,40.56,65.69,30.2,86,0,6.93,UZ,2020-11-28 17:24:08,clear sky
506,Nantucket,41.28,-70.1,51.8,66,90,4.7,US,2020-11-28 17:22:48,overcast clouds
507,Palafrugell,41.92,3.16,57.99,27,100,20.24,ES,2020-11-28 17:24:08,light rain
508,Westport,41.14,-73.36,55.0,62,40,11.41,US,2020-11-28 17:24:09,scattered clouds
509,Guarapari,-20.67,-40.5,82.99,69,40,13.87,BR,2020-11-28 17:24:09,scattered clouds
510,Zaza Del Medio,22.0,-79.37,79.83,70,25,5.66,CU,2020-11-28 17:24:09,scattered clouds
511,Kedougou,12.56,-12.17,96.8,19,0,4.7,SN,2020-11-28 17:24:09,clear sky
512,Gaujani,43.73,25.7,33.8,100,21,0.87,RO,2020-11-28 17:24:09,few clouds
513,Bafq,31.61,55.41,53.26,58,100,7.07,IR,2020-11-28 17:24:09,overcast clouds
514,Santa Maria Do Suacui,-18.19,-42.41,73.6,83,62,6.06,BR,2020-11-28 17:24:09,light rain
515,Sechura,-5.56,-80.82,78.75,52,64,10.85,PE,2020-11-28 17:24:09,broken clouds
516,Gornopravdinsk,60.05,69.9,5.16,94,0,2.91,RU,2020-11-28 17:24:09,clear sky
517,Romanovskaya,47.54,42.03,39.88,93,51,12.53,RU,2020-11-28 17:24:09,broken clouds
518,Onverwacht,5.58,-55.18,87.8,66,40,9.17,SR,2020-11-28 17:24:09,scattered clouds
519,Barranca,-10.75,-77.77,71.49,62,70,10.33,PE,2020-11-28 17:24:10,broken clouds
520,Carrickmacross,53.97,-6.72,48.99,84,91,5.01,IE,2020-11-28 17:24:10,overcast clouds
521,Thompson,55.74,-97.86,14.0,92,90,3.36,CA,2020-11-28 17:24:10,light snow
522,Balykshi,47.07,51.87,30.2,86,0,15.66,KZ,2020-11-28 17:24:10,mist
523,Dakar,14.69,-17.44,78.8,57,0,18.34,SN,2020-11-28 17:24:10,clear sky
524,Lagoa,39.05,-27.98,55.9,66,51,27.51,PT,2020-11-28 17:24:10,broken clouds
525,Raudeberg,61.99,5.14,42.01,87,56,21.12,NO,2020-11-28 17:24:10,broken clouds
526,Bonavista,48.65,-53.11,55.0,100,96,4.7,CA,2020-11-28 17:24:11,light rain
527,Colesberg,-30.72,25.1,71.87,28,14,23.62,ZA,2020-11-28 17:24:11,few clouds
528,Moose Factory,51.26,-80.61,30.2,80,90,13.87,CA,2020-11-28 17:24:11,overcast clouds
529,Isoka,-10.16,32.63,74.55,49,37,7.49,ZM,2020-11-28 17:24:11,scattered clouds
530,Paracuru,-3.41,-39.03,87.8,55,20,16.11,BR,2020-11-28 17:24:11,few clouds
531,Hundested,55.97,11.87,34.0,100,0,7.2,DK,2020-11-28 17:24:11,clear sky
532,Vincennes,48.85,2.43,50.0,75,0,8.05,FR,2020-11-28 17:24:11,clear sky
533,Benghazi,32.12,20.07,66.06,52,0,14.7,LY,2020-11-28 17:24:11,clear sky
534,Samana,19.21,-69.34,77.0,94,75,7.4,DO,2020-11-28 17:24:11,broken clouds
535,Nikolskoye,59.7,30.79,33.8,80,90,11.18,RU,2020-11-28 17:24:11,overcast clouds
536,Santa Rosa,14.31,121.11,79.0,88,75,5.82,PH,2020-11-28 17:24:11,light intensity shower rain
537,Axim,4.87,-2.24,81.48,77,85,7.92,GH,2020-11-28 17:24:11,overcast clouds
538,Swakopmund,-22.68,14.53,66.2,63,13,17.22,NA,2020-11-28 17:24:12,few clouds
539,Oyem,1.6,11.58,74.37,79,100,2.13,GA,2020-11-28 17:24:12,overcast clouds
540,Atbasar,51.8,68.33,11.32,94,100,11.07,KZ,2020-11-28 17:24:12,overcast clouds
541,Kapiri Mposhi,-13.97,28.68,75.04,52,94,7.74,ZM,2020-11-28 17:24:12,overcast clouds
542,Muisne,0.6,-80.03,80.6,78,75,9.17,EC,2020-11-28 17:24:12,broken clouds
543,Islampur,26.27,88.2,65.98,56,0,4.92,IN,2020-11-28 17:24:12,clear sky
544,Oktyabrskiy,54.48,53.47,20.89,97,98,5.59,RU,2020-11-28 17:24:12,overcast clouds
545,Barentu,15.11,37.59,76.15,43,0,9.62,ER,2020-11-28 17:24:12,clear sky
546,Ferkessedougou,9.6,-5.2,93.06,28,32,2.19,CI,2020-11-28 17:24:12,scattered clouds
547,Haifa,32.82,34.99,60.8,87,0,4.7,IL,2020-11-28 17:24:12,clear sky
548,Volchikha,52.03,80.38,23.13,94,100,10.42,RU,2020-11-28 17:24:12,overcast clouds
549,Chinsali,-10.54,32.08,77.74,40,86,4.7,ZM,2020-11-28 17:24:13,overcast clouds
550,Coruripe,-10.13,-36.18,82.85,61,99,13.15,BR,2020-11-28 17:23:57,overcast clouds
551,Mandera,3.94,41.87,91.47,33,78,7.96,KE,2020-11-28 17:24:13,broken clouds
552,Butka,56.72,63.79,8.28,95,3,3.96,RU,2020-11-28 17:24:13,clear sky
553,Le Pont-De-Claix,45.12,5.71,45.0,71,62,1.01,FR,2020-11-28 17:24:13,broken clouds
554,The Valley,18.22,-63.06,86.0,69,20,6.93,AI,2020-11-28 17:24:13,few clouds
555,Ous,60.91,61.52,8.56,95,0,1.12,RU,2020-11-28 17:24:13,clear sky
556,Batticaloa,7.71,81.69,80.22,77,100,3.6,LK,2020-11-28 17:24:13,overcast clouds
557,Korcula,42.96,17.14,48.2,66,40,1.12,HR,2020-11-28 17:24:13,scattered clouds
558,Kahta,37.79,38.62,46.4,70,0,10.29,TR,2020-11-28 17:24:13,clear sky
559,Strelka,58.07,93.03,7.12,91,2,1.05,RU,2020-11-28 17:24:13,clear sky
560,Tuscaloosa,33.21,-87.57,60.8,67,1,8.05,US,2020-11-28 17:22:50,clear sky
561,Kentau,43.52,68.51,22.75,94,68,5.12,KZ,2020-11-28 17:24:13,broken clouds
562,Blackpool,53.82,-3.05,46.99,93,75,11.41,GB,2020-11-28 17:22:54,broken clouds
563,Pozo Colorado,-23.49,-58.8,101.14,31,1,10.74,PY,2020-11-28 17:24:14,clear sky
564,Piacabucu,-10.41,-36.43,82.27,63,99,12.35,BR,2020-11-28 17:24:14,overcast clouds
565,Cap Malheureux,-19.98,57.61,75.99,77,5,7.0,MU,2020-11-28 17:24:14,clear sky
566,Korhogo,9.45,-5.63,91.29,32,31,4.03,CI,2020-11-28 17:24:14,scattered clouds
567,Nirmali,26.32,86.58,65.84,48,0,2.21,IN,2020-11-28 17:21:13,clear sky
568,Ivankiv,50.94,29.89,33.8,100,99,4.47,UA,2020-11-28 17:24:14,mist
569,Padilla,3.22,-76.31,82.4,58,40,4.7,CO,2020-11-28 17:24:14,haze
570,San Andres,12.58,-81.7,87.8,70,40,13.87,CO,2020-11-28 17:24:07,scattered clouds
571,Alto Araguaia,-17.31,-53.22,88.07,39,28,8.81,BR,2020-11-28 17:24:14,scattered clouds
572,Ust-Tarka,55.57,75.7,6.62,95,100,8.1,RU,2020-11-28 17:24:14,overcast clouds
573,General Roca,-39.03,-67.58,84.2,25,0,6.93,AR,2020-11-28 17:24:15,clear sky
574,Kesova Gora,57.58,37.29,26.87,99,95,7.56,RU,2020-11-28 17:24:15,overcast clouds
575,Buritizeiro,-17.35,-44.96,86.09,41,0,6.8,BR,2020-11-28 17:24:15,clear sky
576,Ambanja,-13.68,48.45,77.67,85,27,2.98,MG,2020-11-28 17:24:15,moderate rain
577,Altamira,-3.2,-52.21,86.0,70,75,6.93,BR,2020-11-28 17:24:16,broken clouds
578,Isilkul,54.91,71.27,7.41,95,100,8.59,RU,2020-11-28 17:24:16,overcast clouds
579,Sovetskiy,61.36,63.58,9.32,95,0,0.76,RU,2020-11-28 17:24:16,clear sky
580,Ituporanga,-27.41,-49.6,86.0,85,27,11.99,BR,2020-11-28 17:24:16,scattered clouds
581,Muzhi,65.37,64.67,6.69,92,4,6.02,RU,2020-11-28 17:24:16,clear sky
582,Male,4.17,73.51,78.8,88,20,2.24,MV,2020-11-28 17:24:16,few clouds
583,Medea,36.26,2.75,55.4,87,40,13.87,DZ,2020-11-28 17:20:00,light rain
584,Porto Velho,-8.76,-63.9,89.6,52,40,4.7,BR,2020-11-28 17:24:16,light rain
585,Rumonge,-3.97,29.44,73.98,78,71,3.09,BI,2020-11-28 17:24:16,light rain
586,Maloy,61.94,5.11,44.6,70,75,17.22,NO,2020-11-28 17:24:16,broken clouds
587,Cahors,44.42,1.33,55.0,81,75,4.7,FR,2020-11-28 17:24:16,broken clouds
588,Ostersund,63.18,14.64,26.6,92,75,4.7,SE,2020-11-28 17:24:16,broken clouds
589,Shahr-E Babak,30.12,55.12,54.09,55,100,7.11,IR,2020-11-28 17:24:17,overcast clouds
590,Salinopolis,-0.61,-47.36,85.19,70,30,13.58,BR,2020-11-28 17:24:17,light rain
591,Presidencia Roque Saenz Pena,-26.79,-60.44,99.0,41,23,4.0,AR,2020-11-28 17:24:17,few clouds
592,Madison,34.73,-86.57,57.0,71,20,10.29,US,2020-11-28 17:23:21,few clouds
593,Sao Jose Da Coroa Grande,-8.9,-35.15,82.02,63,47,12.35,BR,2020-11-28 17:24:17,scattered clouds
594,Grindavik,63.84,-22.43,33.8,72,90,9.17,IS,2020-11-28 17:24:17,overcast clouds
595,San Lawrenz,36.06,14.2,68.0,60,75,17.22,MT,2020-11-28 17:24:17,light rain
596,Bodden Town,19.28,-81.25,82.99,74,20,12.75,KY,2020-11-28 17:24:17,few clouds
597,Soyo,-6.13,12.37,78.85,83,63,8.28,AO,2020-11-28 17:24:17,broken clouds
598,Ibaiti,-23.85,-50.19,86.0,61,4,4.0,BR,2020-11-28 17:24:17,clear sky
599,Kozhva,65.11,57.05,11.73,95,72,5.48,RU,2020-11-28 17:24:17,broken clouds
600,Sal Rei,16.18,-22.92,77.0,53,75,16.11,CV,2020-11-28 17:24:17,broken clouds
601,Santa Cruz,-17.8,-63.17,89.6,58,40,14.99,BO,2020-11-28 17:22:53,scattered clouds
602,Ronne,55.1,14.71,41.0,86,100,2.24,DK,2020-11-28 17:24:18,overcast clouds
603,Puerto Carreno,6.19,-67.49,86.09,70,73,4.74,CO,2020-11-28 17:24:18,moderate rain
604,Kjollefjord,70.95,27.35,36.5,80,100,13.2,NO,2020-11-28 17:24:18,overcast clouds
605,Dombas,62.07,9.12,16.45,81,0,1.12,NO,2020-11-28 17:24:18,clear sky
606,Saint-Joseph,-21.37,55.62,77.0,69,90,5.82,RE,2020-11-28 17:24:18,overcast clouds
607,Matay,28.42,30.78,60.64,51,0,6.8,EG,2020-11-28 17:20:25,clear sky
608,Nizhniy Odes,63.64,54.86,10.56,96,14,3.74,RU,2020-11-28 17:24:18,few clouds
609,Mangrol,21.12,70.12,75.11,38,0,13.51,IN,2020-11-28 17:24:18,clear sky
610,Mitsamiouli,-11.38,43.28,81.21,76,48,8.39,KM,2020-11-28 17:24:18,scattered clouds
611,Moura,38.14,-7.45,57.2,87,40,10.29,PT,2020-11-28 17:24:18,scattered clouds
612,Kalya,12.98,77.18,69.8,88,40,6.93,IN,2020-11-28 17:24:19,scattered clouds
613,Arona,28.1,-16.68,73.4,53,40,13.87,ES,2020-11-28 17:23:26,scattered clouds
614,Horn,51.87,8.95,39.0,97,80,7.63,DE,2020-11-28 17:24:19,broken clouds
615,Mogadishu,2.04,45.34,80.55,66,19,17.05,SO,2020-11-28 17:24:19,few clouds
616,Sorland,67.67,12.69,44.85,86,100,27.92,NO,2020-11-28 17:24:19,light rain
617,Luau,-10.71,22.22,68.11,92,100,1.61,AO,2020-11-28 17:24:19,overcast clouds
618,Forio,40.73,13.86,64.99,73,100,14.0,IT,2020-11-28 17:24:19,overcast clouds
619,Solton,52.84,86.48,12.13,91,8,2.68,RU,2020-11-28 17:24:19,clear sky
620,Parintins,-2.63,-56.74,91.04,45,79,5.3,BR,2020-11-28 17:24:19,broken clouds
621,Gaya,24.78,85.0,59.0,87,0,4.61,IN,2020-11-28 17:24:19,mist
622,Yarim,14.3,44.38,56.05,82,59,2.39,YE,2020-11-28 17:24:20,light rain
623,Oranjemund,-28.55,16.43,63.36,78,0,21.81,NA,2020-11-28 17:24:20,clear sky
624,Pangody,65.85,74.49,-1.97,92,0,9.08,RU,2020-11-28 17:24:20,clear sky
625,Omboue,-1.57,9.26,76.68,86,77,6.62,GA,2020-11-28 17:24:20,broken clouds
626,Matara,5.95,80.54,77.16,83,100,2.98,LK,2020-11-28 17:24:20,overcast clouds
627,Kuryk,43.2,51.65,42.04,62,5,20.96,KZ,2020-11-28 17:24:20,clear sky
628,Youghal,51.95,-7.85,51.01,100,90,12.75,IE,2020-11-28 17:24:20,fog
629,Ventspils,57.39,21.56,37.4,93,90,4.7,LV,2020-11-28 17:24:20,overcast clouds
630,Virginia Beach,36.85,-75.98,62.6,72,90,6.93,US,2020-11-28 17:24:10,overcast clouds
631,Pandamatenga,-18.53,25.63,79.34,55,92,2.8,BW,2020-11-28 17:24:20,overcast clouds
632,Erzurum,40.0,41.5,32.0,77,40,12.75,TR,2020-11-28 17:24:20,scattered clouds
633,Acari,-15.43,-74.62,83.07,39,85,10.76,PE,2020-11-28 17:24:20,overcast clouds
634,Salym,60.06,71.48,3.65,94,0,3.09,RU,2020-11-28 17:24:20,clear sky
635,Honningsvag,70.98,25.97,37.81,79,100,22.48,NO,2020-11-28 17:24:21,overcast clouds
636,Becerril,9.7,-73.28,83.25,76,44,3.69,CO,2020-11-28 17:23:55,moderate rain
637,Kristianstad,56.03,14.15,33.8,91,28,5.82,SE,2020-11-28 17:24:21,scattered clouds
638,Catia La Mar,10.6,-67.03,79.0,71,100,4.7,VE,2020-11-28 17:24:21,light rain
639,Rampur,28.82,79.03,60.17,36,0,3.76,IN,2020-11-28 17:20:19,clear sky
640,Zatoka,46.07,30.47,37.4,100,90,4.47,UA,2020-11-28 17:24:21,mist
641,Humberto De Campos,-2.6,-43.46,88.03,59,100,7.25,BR,2020-11-28 17:24:21,overcast clouds
642,Garoua Boulai,5.88,14.55,75.88,32,100,4.16,CM,2020-11-28 17:24:21,overcast clouds
643,Zaysan,47.47,84.87,25.52,96,100,1.36,KZ,2020-11-28 17:24:21,snow
644,Marsh Harbour,26.54,-77.06,75.79,64,1,5.61,BS,2020-11-28 17:24:21,clear sky
645,Maldonado,-34.67,-54.92,84.99,58,75,14.99,UY,2020-11-28 17:21:47,broken clouds
646,Chimbote,-9.09,-78.58,72.12,61,7,11.95,PE,2020-11-28 17:24:21,clear sky
647,Capreol,46.71,-80.92,36.0,90,90,10.29,CA,2020-11-28 17:24:21,light snow
648,Vasilyevskiy Mokh,57.01,35.92,32.81,97,100,6.6,RU,2020-11-28 17:24:22,light snow
649,Nuuk,64.18,-51.72,26.6,68,75,3.36,GL,2020-11-28 17:24:22,broken clouds
650,Maputo,-25.97,32.59,78.01,83,20,12.75,MZ,2020-11-28 17:24:22,few clouds
651,Manaure,11.78,-72.44,85.14,69,96,15.75,CO,2020-11-28 17:24:22,light rain
652,Hearst,49.68,-83.67,32.0,92,84,8.05,CA,2020-11-28 17:24:22,broken clouds
653,Cobija,-11.03,-68.77,87.8,66,40,4.7,BO,2020-11-28 17:24:22,scattered clouds
654,Tahta,26.77,31.5,66.2,48,0,13.87,EG,2020-11-28 17:24:22,clear sky
655,Ovalle,-30.6,-71.2,83.8,32,0,11.01,CL,2020-11-28 17:20:43,clear sky
656,Praia Grande,-24.01,-46.4,82.0,78,75,8.05,BR,2020-11-28 17:24:22,broken clouds
657,Ubrique,36.68,-5.45,59.0,93,75,3.36,ES,2020-11-28 17:24:22,broken clouds
658,Gazojak,41.19,61.4,32.63,86,0,10.33,TM,2020-11-28 17:24:23,clear sky
659,Saint-Paul,-21.01,55.27,77.0,69,90,14.99,RE,2020-11-28 17:24:23,overcast clouds
660,Baherden,38.44,57.43,44.06,60,100,11.99,TM,2020-11-28 17:24:23,overcast clouds
661,Dudinka,69.41,86.18,10.4,85,90,22.37,RU,2020-11-28 17:24:23,light snow
662,Clarence Town,-32.58,151.78,77.0,61,91,2.24,AU,2020-11-28 17:24:23,overcast clouds
663,Shatrovo,56.52,64.63,7.38,95,23,4.76,RU,2020-11-28 17:24:24,few clouds
664,Bakchar,57.02,82.07,5.09,95,0,3.38,RU,2020-11-28 17:24:24,clear sky
665,Venkatagiri,13.97,79.58,75.16,89,22,1.77,IN,2020-11-28 17:24:24,heavy intensity rain
666,Segezha,63.74,34.32,23.58,96,43,7.67,RU,2020-11-28 17:24:24,scattered clouds
667,Yantarnyy,54.87,19.94,39.2,86,75,11.18,RU,2020-11-28 17:24:24,broken clouds
668,Olinda,-8.01,-34.86,82.4,58,40,13.87,BR,2020-11-28 17:24:24,scattered clouds
669,Srisailam,16.08,78.87,68.81,93,70,4.83,IN,2020-11-28 17:24:24,light rain
670,Grootfontein,-19.57,18.12,75.74,56,59,12.12,NA,2020-11-28 17:24:24,light rain
671,Taoudenni,22.68,-3.98,71.15,22,27,2.17,ML,2020-11-28 17:24:24,scattered clouds
672,Oriximina,-1.77,-55.87,89.65,55,82,6.42,BR,2020-11-28 17:24:24,broken clouds
673,Mount Holly,35.3,-81.02,66.2,39,20,5.82,US,2020-11-28 17:24:07,few clouds
674,Bam,29.11,58.36,61.95,31,95,0.58,IR,2020-11-28 17:22:32,overcast clouds
675,Ermioni,37.39,23.24,55.0,73,100,7.09,GR,2020-11-28 17:24:25,overcast clouds
676,Baghdad,33.34,44.4,60.8,93,90,4.7,IQ,2020-11-28 17:24:01,overcast clouds
677,Blagoyevo,63.37,47.92,13.08,96,6,4.16,RU,2020-11-28 17:24:25,clear sky
678,Luanda,-8.84,13.23,80.6,78,75,6.93,AO,2020-11-28 17:24:02,broken clouds
679,Povenets,62.85,34.83,22.24,96,66,7.2,RU,2020-11-28 17:24:25,broken clouds
680,San Julian,21.02,-102.17,72.61,30,6,1.72,MX,2020-11-28 17:24:25,clear sky
681,Garowe,8.41,48.48,78.49,53,48,18.86,SO,2020-11-28 17:24:25,scattered clouds
682,Mogliano Veneto,45.56,12.23,48.2,75,75,3.36,IT,2020-11-28 17:24:25,broken clouds
683,Rodrigues Alves,-7.74,-72.65,84.2,83,75,3.36,BR,2020-11-28 17:24:25,broken clouds
684,Rio Gallegos,-51.62,-69.22,51.8,27,75,29.97,AR,2020-11-28 17:24:25,broken clouds
685,Wukari,7.85,9.78,84.92,24,0,2.01,NG,2020-11-28 17:24:25,clear sky
686,Igdir,39.92,44.05,32.0,64,34,1.12,TR,2020-11-28 17:24:26,scattered clouds
687,Chunhuhub,19.55,-88.68,84.4,58,13,4.14,MX,2020-11-28 17:24:26,few clouds
688,Abalak,58.13,68.59,3.81,95,34,3.15,RU,2020-11-28 17:24:26,scattered clouds
689,Cervo,43.67,-7.41,54.0,86,93,6.85,ES,2020-11-28 17:24:26,overcast clouds
690,Krasnoselkup,65.7,82.47,-4.58,92,62,7.74,RU,2020-11-28 17:24:26,broken clouds
691,Itacoatiara,-3.14,-58.44,92.62,49,67,4.34,BR,2020-11-28 17:24:26,broken clouds
692,Neuquen,-38.95,-68.06,82.4,24,0,5.82,AR,2020-11-28 17:20:59,clear sky
693,Birnin Kebbi,12.45,4.2,87.89,23,0,4.07,NG,2020-11-28 17:20:11,clear sky
694,Antibes,43.56,7.13,64.4,48,75,16.11,FR,2020-11-28 17:24:26,broken clouds
695,Boende,-0.22,20.87,73.51,95,100,1.7,CD,2020-11-28 17:20:31,overcast clouds
696,Dire,12.28,-10.97,94.46,12,0,3.83,ML,2020-11-28 17:24:26,clear sky
697,Aktau,43.65,51.2,33.8,80,40,15.66,KZ,2020-11-28 17:21:09,scattered clouds
698,Kazerun,29.62,51.65,61.65,64,99,4.83,IR,2020-11-28 17:24:26,overcast clouds
699,Veraval,20.9,70.37,77.34,39,0,14.5,IN,2020-11-28 17:24:27,clear sky
700,Torit,4.41,32.57,79.84,62,66,2.1,SS,2020-11-28 17:24:27,light rain
701,Cagli,43.55,12.65,51.01,100,90,10.29,IT,2020-11-28 17:24:27,fog
702,Boa Vista,2.82,-60.67,89.6,52,75,9.17,BR,2020-11-28 17:24:27,broken clouds
703,Chardara,41.25,67.97,36.66,79,51,5.7,KZ,2020-11-28 17:24:27,broken clouds
704,Goderich,43.75,-81.72,39.2,64,17,16.11,CA,2020-11-28 17:24:27,few clouds
705,Januaria,-15.48,-44.37,83.57,52,21,8.25,BR,2020-11-28 17:24:27,few clouds
706,Kathmandu,27.72,85.32,48.2,81,20,2.13,NP,2020-11-28 17:23:13,few clouds
707,Adre,13.47,22.2,76.19,21,0,7.67,TD,2020-11-28 17:24:27,clear sky
708,Benguela,-12.58,13.41,80.6,78,75,6.93,AO,2020-11-28 17:24:27,broken clouds
709,Hammerfest,70.66,23.68,41.0,65,100,18.34,NO,2020-11-28 17:24:27,light rain
710,Barkot,30.82,78.2,51.62,43,20,4.27,IN,2020-11-28 17:24:28,few clouds
711,Lamu,-2.27,40.9,82.4,78,40,6.93,KE,2020-11-28 17:24:28,scattered clouds
712,Beterou,9.2,2.26,86.83,47,88,3.56,BJ,2020-11-28 17:24:29,overcast clouds
713,Talbahat,25.05,78.43,59.7,43,0,1.9,IN,2020-11-28 17:24:29,clear sky
714,Chodavaram,17.83,82.95,77.0,73,75,6.93,IN,2020-11-28 17:24:29,haze
715,Hajnowka,52.74,23.58,32.0,84,99,5.97,PL,2020-11-28 17:24:29,light snow
